PLAYER,TEAM_SH,G,GS,MP,TRB,AST,STL,BLK,PS/G,GP,W,L,NETRTG,TS%,PIE,MPG,RPM,WINS,pageviews,TWITTER_FAVORITE_COUNT,TWITTER_RETWEET_COUNT,POSITION,TEAM,SALARY,AVG,PCT
Russell Westbrook,OKC,81,81,34.6,10.7,10.4,1.6,0.4,31.6,81,46,35,3.3,55.4,23.0,34.6,6.27,17.34,2367.837,2130.5,559.0,PG,Oklahoma City Thunder,26500000.0,18203,100.0
James Harden,HOU,81,81,36.4,8.1,11.2,1.5,0.5,29.1,81,54,27,6.3,61.3,19.0,36.4,4.81,15.54,1337.869,969.0,321.5,PG,Houston Rockets,26500000.0,16973,94.1
Damian Lillard,POR,75,75,35.9,4.9,5.9,0.9,0.3,27.0,75,38,37,1.2,58.6,15.9,35.9,3.14,10.72,926.756,186.5,43.0, PG,Portland Trail Blazers,24328425.0,19317,99.4
LeBron James,CLE,74,74,37.8,8.6,8.7,1.2,0.6,26.4,74,51,23,7.7,61.9,18.3,37.8,8.42,20.43,8823.785,5533.5,1501.5, SF,Cleveland Cavaliers,30963450.0,20562,100.0
Kyrie Irving,CLE,72,72,35.1,3.2,5.8,1.2,0.3,25.2,72,47,25,5.1,58.0,13.5,35.1,2.05,8.28,3022.758,1541.0,695.0, PG,Cleveland Cavaliers,17638063.0,20562,100.0
Karl-Anthony Towns,MIN,82,82,37.0,12.3,2.7,0.7,1.3,25.1,82,31,51,-0.9,61.8,17.1,37.0,2.13,10.0,920.783,0.0,105.0, C,Minnesota Timberwolves,5960160.0,14809,76.5
Jimmy Butler,CHI,76,75,37.0,6.2,5.5,1.9,0.4,23.9,76,40,36,3.0,58.6,16.4,37.0,6.62,17.35,21.7,89.5,30.0, SG,Chicago Bulls,17552209.0,21680,103.6
Paul George,IND,75,75,35.9,6.6,3.3,1.6,0.4,23.7,75,39,36,2.9,58.7,13.6,35.9,2.58,9.72,769.595,228.5,128.0, SF,Indiana Pacers,18314532.0,16697,91.9
Andrew Wiggins,MIN,82,82,37.2,4.0,2.3,1.0,0.4,23.6,82,31,51,-0.5,53.4,9.5,37.2,-1.6,2.94,786.978,182.0,54.5, SG,Minnesota Timberwolves,6006600.0,14809,76.5
Mike Conley,MEM,69,68,33.2,3.5,6.3,1.3,0.3,20.5,69,35,34,3.1,60.4,16.0,33.2,4.47,10.5,5.111,257.5,90.0, PG,Memphis Grizzlies,26540100.0,16519,91.2
Goran Dragic,MIA,73,73,33.7,3.8,5.8,1.2,0.2,20.3,73,40,33,0.6,57.5,13.0,33.7,0.92,6.3,8.239,62.5,45.0, PG,Miami Heat,15891725.0,19643,100.2
Joel Embiid,PHI,31,31,25.4,7.8,2.1,0.9,2.5,20.2,31,13,18,3.2,58.4,17.4,25.4,1.7,2.46,682.937,6852.5,2941.0, C,Philadelphia 76ers,4826160.0,17330,85.3
Jabari Parker,MIL,51,50,33.9,6.2,2.8,1.0,0.4,20.1,51,22,29,-2.5,56.3,12.1,33.9,-0.78,2.59,353.413,267.0,125.0, PF,Milwaukee Bucks,5374320.0,15828,84.6
Marc Gasol,MEM,74,74,34.2,6.3,4.6,0.9,1.3,19.5,74,40,34,1.4,55.4,15.1,34.2,2.58,8.69,378.529,0.0,75.5, C,Memphis Grizzlies,21165675.0,16519,91.2
Kevin Love,CLE,60,60,31.4,11.1,1.9,0.9,0.4,19.0,60,40,20,7.2,57.3,14.8,31.4,5.03,9.76,1418.113,866.5,194.5, PF,Cleveland Cavaliers,21165675.0,20562,100.0
Zach LaVine,MIN,47,47,37.2,3.4,3.0,0.9,0.2,18.9,47,16,31,-3.6,57.6,9.5,37.2,-2.97,0.17,848.226,178.5,67.0, PG,Minnesota Timberwolves,2240880.0,14809,76.5
Dwyane Wade,CHI,60,59,29.9,4.5,3.8,1.4,0.7,18.3,60,29,31,-2.4,50.8,12.1,29.9,-0.91,2.52,2694.345,349.5,149.5, SG,Chicago Bulls,23200000.0,21680,103.6
Danilo Gallinari,DEN,63,63,33.9,5.2,2.1,0.6,0.2,18.2,63,31,32,2.7,62.2,11.4,33.9,2.88,8.39,155.862,29.0,6.0, SF,Denver Nuggets,15050000.0,14770,77.1
Paul Millsap,ATL,69,67,34.0,7.7,3.7,1.3,0.9,18.1,69,40,29,2.0,54.2,12.6,34.0,4.58,11.51,221.887,60.0,32.0, PF,Atlanta Hawks,20072033.0,15958,85.2
Dennis Schroder,ATL,79,78,31.5,3.1,6.3,0.9,0.2,17.9,79,42,37,-2.0,53.3,11.7,31.5,-2.45,1.07,1.233,51.5,20.0, PG,Atlanta Hawks,2708582.0,15958,85.2
Evan Fournier,ORL,68,66,32.9,3.1,3.0,1.0,0.1,17.2,68,23,45,-4.9,55.5,8.5,32.9,-1.1,2.89,125.612,21.0,10.0, SG,Orlando Magic,17000000.0,17753,94.2
Nikola Jokic,DEN,73,59,27.9,9.8,4.9,0.8,0.8,16.7,73,37,36,5.1,64.0,16.7,27.9,6.73,13.18,3.95,0.0,1.0, C,Denver Nuggets,1358500.0,14770,77.1
Eric Gordon,HOU,75,15,31.0,2.7,2.5,0.6,0.5,16.2,75,50,25,6.2,55.7,8.2,31.0,1.03,6.36,206.977,55.0,26.0, SG,Houston Rockets,12385364.0,16973,94.1
Tobias Harris,DET,82,48,31.3,5.1,1.7,0.7,0.5,16.1,82,37,45,-1.3,56.8,11.3,31.3,0.94,6.55,207.311,2.0,4.0, SF,Detroit Pistons,17200000.0,15979,72.4
Victor Oladipo,OKC,67,67,33.2,4.3,2.6,1.2,0.3,15.9,67,39,28,2.5,53.4,9.5,33.2,1.66,6.88,468.359,78.0,28.0, SG,Oklahoma City Thunder,6552961.0,18203,100.0
Dion Waiters,MIA,46,43,30.1,3.3,4.3,0.9,0.4,15.8,46,27,19,2.8,50.7,10.0,30.1,0.05,2.8,353.063,0.0,7.0, SG,Miami Heat,2898000.0,19643,100.2
Wilson Chandler,DEN,71,33,30.9,6.5,2.0,0.7,0.4,15.7,71,35,36,-1.7,54.5,9.8,30.9,-1.24,2.69,77.575,31.5,18.5, SF,Denver Nuggets,11233146.0,14770,77.1
D'Angelo Russell,LAL,63,60,28.7,3.5,4.8,1.4,0.3,15.6,63,21,42,-8.7,51.8,9.9,28.7,-1.7,1.69,769.891,0.0,232.0, PG,Los Angeles Lakers,5332800.0,18949,99.4
Jeff Teague,IND,82,82,32.4,4.0,7.8,1.2,0.4,15.3,82,42,40,1.2,57.4,13.1,32.4,1.64,8.08,6.856,17.5,13.5, PG,Indiana Pacers,8800000.0,16697,91.9
Gary Harris,DEN,57,56,31.3,3.1,2.9,1.2,0.1,14.9,57,29,28,1.0,61.1,9.1,31.3,0.51,4.29,80.128,6.0,2.5, SG,Denver Nuggets,1655880.0,14770,77.1
Jordan Clarkson,LAL,82,19,29.2,3.0,2.6,1.1,0.1,14.7,82,26,56,-8.9,52.6,8.4,29.2,-4.02,-1.4,748.841,55.5,179.5, PG,Los Angeles Lakers,12500000.0,18949,99.4
Khris Middleton,MIL,29,23,30.7,4.2,3.4,1.4,0.2,14.7,29,19,10,5.7,57.0,10.4,30.7,1.4,2.44,121.22,16.0,9.0, SG,Milwaukee Bucks,15200000.0,15828,84.6
Nikola Vucevic,ORL,75,55,28.8,10.4,2.8,1.0,1.0,14.6,75,27,48,-3.6,49.8,14.2,28.8,0.77,5.44,4.234,5.5,35.5, C,Orlando Magic,11750000.0,17753,94.2
Myles Turner,IND,81,81,31.4,7.3,1.3,0.9,2.1,14.5,81,42,39,3.2,58.5,11.2,31.4,2.66,9.31,4.574,53.0,31.0, C,Indiana Pacers,2463840.0,16697,91.9
Enes Kanter,OKC,72,0,21.3,6.7,0.9,0.4,0.5,14.3,72,43,29,-0.1,59.9,15.4,21.3,-0.68,2.4,487.901,147.0,195.0, C,Oklahoma City Thunder,17145838.0,18203,100.0
Dirk Nowitzki,DAL,54,54,26.4,6.5,1.5,0.6,0.7,14.2,54,23,31,-1.7,52.9,12.4,26.4,0.26,3.02,1303.433,1564.0,500.5, PF,Dallas Mavericks,25000000.0,19789,103.1
Zach Randolph,MEM,73,5,24.5,8.2,1.7,0.5,0.1,14.1,73,38,35,-1.1,49.0,15.2,24.5,-1.42,1.83,262.91,47.0,18.5, PF,Memphis Grizzlies,10361445.0,16519,91.2
Al Horford,BOS,68,68,32.3,6.8,5.0,0.8,1.3,14.0,68,46,22,5.0,55.3,12.5,32.3,1.82,6.93,569.636,136.0,71.0, C,Boston Celtics,26540100.0,18553,99.6
Marcus Morris,DET,79,79,32.5,4.6,2.0,0.7,0.3,14.0,79,36,43,-2.8,50.8,8.0,32.5,0.52,5.85,2.575,6.0,23.0, PF,Detroit Pistons,4625000.0,15979,72.4
Jae Crowder,BOS,72,72,32.4,5.8,2.2,1.0,0.3,13.9,72,48,24,7.8,61.3,10.3,32.4,3.89,10.52,217.84,55.0,47.0, SF,Boston Celtics,6286408.0,18553,99.6
Kentavious Caldwell-Pope,DET,76,75,33.3,3.3,2.5,1.2,0.2,13.8,76,33,43,-4.0,51.9,7.8,33.3,-0.6,4.02,104.187,9.0,10.0, SG,Detroit Pistons,3678319.0,15979,72.4
Will Barton,DEN,60,19,28.4,4.3,3.4,0.8,0.5,13.7,60,31,29,-2.9,54.7,10.2,28.4,-1.15,2.2,120.616,1.0,3.0, SG,Denver Nuggets,3533333.0,14770,77.1
Tyler Johnson,MIA,73,0,29.8,4.0,3.2,1.2,0.6,13.7,73,35,38,0.5,53.5,10.8,29.8,0.31,4.72,5.566,3.0,6.0, SG,Miami Heat,5628000.0,19643,100.2
Dwight Howard,ATL,74,74,29.7,12.7,1.4,0.9,1.2,13.5,74,37,37,-2.0,62.7,15.1,29.7,0.9,5.65,1323.27,7.0,1.0, C,Atlanta Hawks,23180275.0,15958,85.2
Darren Collison,SAC,68,64,30.3,2.2,4.6,1.0,0.1,13.2,68,26,42,-4.2,57.0,10.0,30.3,-0.41,3.44,133.821,4.0,7.0, PG,Sacramento Kings,5229454.0,17608,100.6
Julius Randle,LAL,74,73,28.8,8.6,3.6,0.7,0.5,13.2,74,24,50,-10.2,54.3,11.3,28.8,-1.82,1.83,265.862,102.0,59.0, PF,Los Angeles Lakers,3267120.0,18949,99.4
Nick Young,LAL,60,60,25.9,2.3,1.0,0.6,0.2,13.2,60,19,41,-6.9,58.8,7.5,25.9,0.65,3.82,15.721,45.5,14.0, SG,Los Angeles Lakers,5443918.0,18949,99.4
Elfrid Payton,ORL,82,58,29.4,4.7,6.5,1.1,0.5,12.8,82,29,53,-2.7,52.0,11.7,29.4,0.34,5.38,1.951,19.0,8.0, PG,Orlando Magic,2613600.0,17753,94.2
Aaron Gordon,ORL,80,72,28.7,5.1,1.9,0.8,0.5,12.7,80,29,51,-2.8,53.0,8.8,28.7,0.47,5.32,627.319,42.5,16.0, PF,Orlando Magic,4351320.0,17753,94.2
Jonas Valanciunas,TOR,80,80,25.8,9.5,0.7,0.5,0.8,12.0,80,50,30,2.5,60.1,13.6,25.8,0.01,4.06,2.942,65.0,40.0, C,Toronto Raptors,14382023.0,19830,100.2
Trevor Ariza,HOU,80,80,34.7,5.7,2.2,1.8,0.3,11.7,80,53,27,5.7,54.8,8.5,34.7,1.93,9.29,206.381,10.0,15.0, SF,Houston Rockets,7806971.0,16973,94.1
Greg Monroe,MIL,81,0,22.5,6.6,2.3,1.1,0.5,11.7,81,42,39,3.7,57.2,13.9,22.5,1.55,5.34,115.932,9.0,7.0, C,Milwaukee Bucks,17145838.0,15828,84.6
Steven Adams,OKC,80,80,29.9,7.7,1.1,1.1,1.0,11.3,80,47,33,2.8,58.9,9.7,29.9,1.38,7.01,1445.971,36.0,99.0, C,Oklahoma City Thunder,3140517.0,18203,100.0
Ricky Rubio,MIN,75,75,32.9,4.1,9.1,1.7,0.1,11.1,75,28,47,-1.0,53.9,11.4,32.9,2.49,8.72,332.978,262.5,76.0, PG,Minnesota Timberwolves,13550000.0,14809,76.5
Jerryd Bayless,PHI,3,1,23.7,4.0,4.3,0.0,0.0,11.0,3,1,2,-12.9,45.3,9.7,23.7,-2.7,0.02,102.134,2.0,5.0, PG,Philadelphia 76ers,9424084.0,17330,85.3
Emmanuel Mudiay,DEN,55,41,25.6,3.2,3.9,0.7,0.2,11.0,55,25,30,-5.5,48.3,7.4,25.6,-3.9,-0.71,238.372,69.0,21.0, PG,Denver Nuggets,3241800.0,14770,77.1
Thaddeus Young,IND,74,74,30.2,6.1,1.6,1.5,0.4,11.0,74,40,34,2.5,56.2,9.7,30.2,0.85,5.66,148.319,0.0,1.5, PF,Indiana Pacers,14153652.0,16697,91.9
J.J. Barea,DAL,35,6,22.0,2.4,5.5,0.4,0.0,10.9,35,11,24,1.8,52.1,13.4,22.0,-1.42,0.8,1.88,0.0,17.5, PG,Dallas Mavericks,4096950.0,19789,103.1
Justise Winslow,MIA,18,15,34.7,5.2,3.7,1.4,0.3,10.9,18,4,14,-0.4,39.9,5.9,34.7,-3.92,-0.31,281.526,88.5,33.5, SF,Miami Heat,2593440.0,19643,100.2
Allen Crabbe,POR,79,7,28.5,2.9,1.2,0.7,0.3,10.7,79,39,40,-2.8,60.2,7.4,28.5,-2.65,0.68,139.831,11.5,9.0, SG,Portland Trail Blazers,18500000.0,19317,99.4
Nikola Mirotic,CHI,70,15,24.0,5.5,1.1,0.8,0.8,10.6,70,37,33,4.7,54.6,10.4,24.0,2.23,5.69,2.682,119.0,50.5, PF,Chicago Bulls,5782450.0,21680,103.6
Marcus Smart,BOS,79,24,30.4,3.9,4.6,1.6,0.4,10.6,79,51,28,2.5,48.6,8.1,30.4,0.75,5.98,194.047,1.0,9.0, PG,Boston Celtics,3578880.0,18553,99.6
Wayne Ellington,MIA,62,13,24.2,2.1,1.1,0.6,0.1,10.5,62,35,27,2.7,56.5,8.2,24.2,0.66,3.58,96.963,18.0,12.0, SG,Miami Heat,6000000.0,19643,100.2
Josh Richardson,MIA,53,34,30.5,3.2,2.6,1.1,0.7,10.2,53,23,30,1.2,49.3,6.9,30.5,-1.57,1.57,138.306,42.0,10.0, SG,Miami Heat,1471382.0,19643,100.2
Maurice Harkless,POR,77,69,28.9,4.4,1.1,1.1,0.9,10.0,77,38,39,3.4,57.0,6.9,28.9,0.87,5.67,119.585,0.0,14.5, SF,Portland Trail Blazers,8988765.0,19317,99.4
Jamal Murray,DEN,82,10,21.5,2.6,2.1,0.6,0.3,9.9,82,40,42,1.0,51.8,7.8,21.5,-1.51,1.86,247.566,0.0,62.5, G,Denver Nuggets,3210840.0,14770,77.1
Kenneth Faried,DEN,61,34,21.2,7.6,0.9,0.7,0.7,9.6,61,29,32,-3.1,58.8,12.4,21.2,-1.62,1.27,162.539,14.0,8.0, PF,Denver Nuggets,12078652.0,14770,77.1
Nik Stauskas,PHI,80,27,27.4,2.8,2.4,0.6,0.4,9.5,80,27,53,-4.8,54.0,6.7,27.4,-2.57,0.78,200.937,28.0,11.0, SG,Philadelphia 76ers,2993040.0,17330,85.3
Michael Beasley,MIL,56,6,16.7,3.4,0.9,0.5,0.5,9.4,56,23,33,-1.6,58.4,11.6,16.7,-2.31,0.48,539.285,8.0,5.0, SF,Milwaukee Bucks,1403611.0,15828,84.6
Brandon Ingram,LAL,79,40,28.8,4.0,2.1,0.6,0.5,9.4,79,26,53,-8.0,47.4,5.5,28.8,-4.69,-2.32,773.717,194.0,100.0, F,Los Angeles Lakers,5281680.0,18949,99.4
Cory Joseph,TOR,80,22,25.0,2.9,3.3,0.8,0.2,9.3,80,49,31,2.0,51.8,8.9,25.0,-2.44,0.86,348.322,48.5,15.0, PG,Toronto Raptors,7315000.0,19830,100.2
Jeff Green,ORL,69,11,22.2,3.1,1.2,0.5,0.2,9.2,69,26,43,-9.1,50.5,7.7,22.2,-3.34,-0.21,7.284,57.5,28.5, SF,Orlando Magic,15000000.0,17753,94.2
Gerald Henderson,PHI,72,41,23.2,2.6,1.6,0.6,0.2,9.2,72,24,48,-8.4,52.9,7.3,23.2,-3.93,-0.87,54.097,1.0,8.0, SG,Philadelphia 76ers,9000000.0,17330,85.3
Jameer Nelson,DEN,75,39,27.3,2.6,5.1,0.7,0.1,9.2,75,34,41,1.1,54.4,7.5,27.3,0.01,4.17,159.24,0.0,9.0, PG,Denver Nuggets,4540525.0,14770,77.1
Tony Allen,MEM,71,66,27.0,5.5,1.4,1.6,0.4,9.1,71,36,35,1.2,49.3,8.0,27.0,0.12,3.76,7.154,10.5,11.0, SG,Memphis Grizzlies,5505618.0,16519,91.2
Channing Frye,CLE,74,15,18.9,3.9,0.6,0.4,0.5,9.1,74,44,30,1.0,61.2,10.1,18.9,1.04,3.7,451.543,8.0,4.0, PF,Cleveland Cavaliers,7806971.0,20562,100.0
Jodie Meeks,ORL,36,10,20.5,2.1,1.3,0.9,0.1,9.1,36,14,22,-5.4,56.7,8.1,20.5,-1.65,0.7,86.753,36.5,15.0, SG,Orlando Magic,6540000.0,17753,94.2
Kelly Olynyk,BOS,75,6,20.5,4.8,2.0,0.6,0.4,9.0,75,49,26,-0.4,60.3,11.0,20.5,0.5,3.54,191.661,56.5,16.0, C,Boston Celtics,3094014.0,18553,99.6
Evan Turner,POR,65,12,25.5,3.8,3.2,0.8,0.4,9.0,65,34,31,-4.5,49.1,8.8,25.5,-2.89,0.25,286.667,17.0,13.0, SG,Portland Trail Blazers,16393443.0,19317,99.4
DeMarre Carroll,TOR,72,72,26.1,3.8,1.0,1.1,0.4,8.9,72,44,28,3.3,53.0,7.1,26.1,0.83,4.66,235.229,29.5,8.0, SF,Toronto Raptors,14200000.0,19830,100.2
Al-Farouq Aminu,POR,61,25,29.1,7.4,1.6,1.0,0.7,8.7,61,33,28,1.8,50.6,9.2,29.1,1.27,4.86,221.189,33.0,9.0, SF,Portland Trail Blazers,7680965.0,19317,99.4
Troy Daniels,MEM,67,3,17.7,1.5,0.7,0.3,0.1,8.2,67,33,34,0.3,53.1,6.5,17.7,-2.12,0.72,63.399,30.0,10.0, SG,Memphis Grizzlies,3332940.0,16519,91.2
Willie Cauley-Stein,SAC,75,21,18.9,4.5,1.1,0.7,0.6,8.1,75,29,46,-6.3,55.8,10.6,18.9,-1.17,1.72,194.957,0.0,17.0, C,Sacramento Kings,3551160.0,17608,100.6
Ben McLemore,SAC,61,26,19.3,2.1,0.8,0.5,0.1,8.1,61,27,34,-6.5,53.8,6.0,19.3,-4.46,-0.99,121.773,30.0,17.0, SG,Sacramento Kings,4008882.0,17608,100.6
Tristan Thompson,CLE,78,78,29.9,9.2,1.0,0.5,1.1,8.1,78,50,28,2.9,59.4,8.9,29.9,0.0,4.62,955.613,368.0,211.0, C,Cleveland Cavaliers,15330435.0,20562,100.0
Vince Carter,MEM,73,15,24.6,3.1,1.8,0.8,0.5,8.0,73,36,37,3.6,54.2,7.8,24.7,1.3,4.81,1420.828,0.0,7.0, SG,Memphis Grizzlies,4264057.0,16519,91.2
Rajon Rondo,CHI,69,42,26.7,5.1,6.7,1.4,0.2,7.8,69,34,35,-2.1,46.1,10.6,26.7,-1.84,1.51,857.652,185.5,74.0, PG,Chicago Bulls,14000000.0,21680,103.6
Garrett Temple,SAC,65,21,26.6,2.8,2.6,1.3,0.4,7.8,65,25,40,-5.1,54.5,7.1,26.6,-0.6,2.67,51.69,2.0,1.0, SG,Sacramento Kings,8000000.0,17608,100.6
Matthew Dellavedova,MIL,76,54,26.1,1.9,4.7,0.7,0.0,7.6,76,39,37,-1.1,50.1,6.6,26.1,-1.89,1.54,639.403,175.0,30.0, PG,Milwaukee Bucks,9607500.0,15828,84.6
Luol Deng,LAL,56,49,26.5,5.3,1.3,0.9,0.4,7.6,56,18,38,-6.4,47.0,7.7,26.5,-0.33,2.69,462.975,22.0,13.5, SF,Los Angeles Lakers,18000000.0,18949,99.4
Thabo Sefolosha,ATL,62,42,25.7,4.4,1.7,1.5,0.5,7.2,62,32,30,-0.5,51.9,8.6,25.7,0.34,3.55,151.367,28.5,17.5, SF,Atlanta Hawks,3850000.0,15958,85.2
Patrick Patterson,TOR,65,8,24.6,4.5,1.2,0.6,0.4,6.8,65,42,23,10.9,54.2,7.5,24.6,2.31,5.4,3.707,53.5,8.0, PF,Toronto Raptors,6050000.0,19830,100.2
Bobby Portis,CHI,64,13,15.6,4.6,0.5,0.3,0.2,6.8,64,30,34,-4.3,54.5,11.0,15.6,-2.44,0.43,111.318,37.0,73.0, PF,Chicago Bulls,1453680.0,21680,103.6
Bobby Portis,CHI,64,13,15.6,4.6,0.5,0.3,0.2,6.8,64,30,34,-4.3,54.5,11.0,15.6,-2.44,0.43,111.318,37.0,73.0, PF,Chicago Bulls,1516320.0,21680,103.6
Brandan Wright,MEM,28,5,16.0,2.8,0.5,0.4,0.7,6.8,28,14,14,3.9,62.8,11.6,16.0,-0.46,0.71,60.792,0.0,6.0, PF,Memphis Grizzlies,5709880.0,16519,91.2
Dwight Powell,DAL,77,3,17.3,4.0,0.6,0.8,0.5,6.7,77,30,47,-6.4,58.8,10.7,17.3,-1.17,1.58,113.626,0.0,10.0, PF,Dallas Mavericks,8375000.0,19789,103.1
Jaylen Brown,BOS,78,20,17.2,2.8,0.8,0.4,0.2,6.6,78,50,28,-2.2,53.9,7.1,17.2,-3.37,-0.21,308.763,0.0,100.0, F,Boston Celtics,4743000.0,18553,99.6
Michael Carter-Williams,CHI,45,19,18.8,3.4,2.5,0.8,0.5,6.6,45,25,20,-0.8,43.7,7.0,18.8,-1.7,0.77,339.425,0.0,5.0, PG,Chicago Bulls,3183526.0,21680,103.6
Kosta Koufos,SAC,71,62,20.0,5.7,0.7,0.5,0.7,6.6,71,27,44,-5.7,56.0,9.3,20.0,0.05,2.79,82.375,37.0,8.0, C,Sacramento Kings,8046500.0,17608,100.6
Andre Roberson,OKC,79,79,30.1,5.1,1.0,1.2,1.0,6.6,79,46,33,2.8,51.0,5.9,30.1,1.24,6.73,3.697,10.0,8.0, SG,Oklahoma City Thunder,2183072.0,18203,100.0
Sam Dekker,HOU,77,2,18.4,3.7,1.0,0.5,0.3,6.5,77,52,25,2.8,54.9,8.7,18.4,-1.37,1.64,179.946,139.0,13.0, SF,Houston Rockets,1720560.0,16973,94.1
Amir Johnson,BOS,80,77,20.1,4.6,1.8,0.6,0.8,6.5,80,51,29,8.0,62.8,9.1,20.1,3.8,7.02,136.077,31.5,6.0, PF,Boston Celtics,12000000.0,18553,99.6
Chandler Parsons,MEM,34,34,19.9,2.5,1.6,0.6,0.1,6.2,34,18,16,-3.6,43.6,5.6,19.9,-3.84,-0.29,305.209,59.0,16.0, SF,Memphis Grizzlies,22116750.0,16519,91.2
Jerian Grant,CHI,63,28,16.3,1.8,1.9,0.7,0.1,5.9,63,29,34,2.6,55.5,8.4,16.3,1.57,3.03,248.859,25.0,32.5, PG,Chicago Bulls,1643040.0,21680,103.6
Andrew Harrison,MEM,72,18,20.5,1.9,2.8,0.7,0.3,5.9,72,38,34,-0.3,47.7,5.3,20.5,-1.58,1.38,2.177,0.0,17.0, PG,Memphis Grizzlies,1312611.0,16519,91.2
Domantas Sabonis,OKC,81,66,20.1,3.6,1.0,0.5,0.4,5.9,81,46,35,0.2,46.9,4.9,20.1,-2.04,1.14,489.97,0.0,82.0, PF,Oklahoma City Thunder,2440200.0,18203,100.0
Georgios Papagiannis,SAC,22,0,16.1,3.9,0.9,0.1,0.8,5.6,22,7,15,-6.2,57.3,8.2,16.1,-2.77,0.08,115.978,7.0,3.0, C,Sacramento Kings,2202240.0,17608,100.6
Delon Wright,TOR,27,0,16.5,1.8,2.1,1.0,0.4,5.6,27,19,8,8.8,53.5,10.5,16.5,-0.3,0.77,95.785,11.5,14.0, PG,Toronto Raptors,1577280.0,19830,100.2
Terry Rozier,BOS,74,0,17.1,3.1,1.8,0.6,0.1,5.5,74,47,27,-0.2,46.6,9.1,17.1,-1.06,1.65,97.465,2.0,6.0, PG,Boston Celtics,1906440.0,18553,99.6
Malcolm Delaney,ATL,73,2,17.1,1.7,2.6,0.5,0.0,5.4,73,37,36,2.2,45.6,6.4,17.1,-2.89,0.18,106.111,1.0,1.0, G,Atlanta Hawks,2500000.0,15958,85.2
Meyers Leonard,POR,74,12,16.5,3.2,1.0,0.2,0.4,5.4,74,37,37,-2.6,50.7,6.1,16.5,-1.24,1.48,148.197,149.0,31.0, PF,Portland Trail Blazers,9213483.0,19317,99.4
Denzel Valentine,CHI,57,0,17.1,2.6,1.1,0.5,0.1,5.1,57,28,29,-0.5,49.2,5.8,17.1,-2.08,0.64,303.461,23.0,24.0, SG,Chicago Bulls,2092200.0,21680,103.6
Aaron Brooks,IND,65,0,13.8,1.1,1.9,0.4,0.1,5.0,65,36,29,-3.0,50.7,6.2,13.8,-3.28,-0.09,4.083,1.0,3.0, PG,Indiana Pacers,2700000.0,16697,91.9
Mario Hezonja,ORL,65,2,14.8,2.2,1.0,0.5,0.2,4.9,65,20,45,-15.1,45.0,5.9,14.8,-6.6,-2.09,168.32,272.0,207.0, SG,Orlando Magic,3909840.0,17753,94.2
Tiago Splitter,PHI,8,0,9.5,2.8,0.5,0.1,0.1,4.9,8,1,7,-3.5,54.4,10.6,9.5,-1.28,0.09,113.143,8.0,9.0, C,Philadelphia 76ers,8550000.0,17330,85.3
Kevin Seraphin,IND,49,3,11.4,2.9,0.5,0.1,0.4,4.7,49,23,26,-9.9,55.9,9.5,11.4,-4.01,-0.31,6.717,4.5,8.0, C,Indiana Pacers,1800000.0,16697,91.9
Isaiah Canaan,CHI,39,0,15.2,1.3,0.9,0.6,0.0,4.6,39,19,20,-6.8,48.3,5.6,15.2,-4.12,-0.37,97.905,24.5,8.0, PG,Chicago Bulls,1015696.0,21680,103.6
Kris Humphries,ATL,56,4,12.3,3.7,0.5,0.3,0.4,4.6,56,31,25,-4.4,51.4,10.5,12.3,-1.89,0.54,1235.839,67.0,9.0, PF,Atlanta Hawks,4000000.0,15958,85.2
Reggie Bullock,DET,31,5,15.1,2.1,0.9,0.6,0.1,4.5,31,13,18,5.0,53.8,8.1,15.1,-0.41,0.79,60.195,20.0,13.0, SF,Detroit Pistons,2255644.0,15979,72.4
Stanley Johnson,DET,77,1,17.8,2.5,1.4,0.7,0.3,4.4,77,35,42,0.2,43.6,4.8,17.8,-2.38,0.63,6.921,0.0,19.0, SF,Detroit Pistons,2969880.0,15979,72.4
Noah Vonleh,POR,74,41,17.1,5.2,0.4,0.4,0.4,4.4,74,38,36,-2.0,52.5,7.3,17.1,-2.99,0.11,93.414,23.5,12.0, PF,Portland Trail Blazers,2751360.0,19317,99.4
Brandon Rush,MIN,47,33,21.9,2.1,1.0,0.5,0.5,4.2,47,15,32,-0.8,50.5,4.3,21.9,-3.86,-0.48,242.794,14.0,1.5, SG,Minnesota Timberwolves,3500000.0,14809,76.5
Thon Maker,MIL,57,34,9.9,2.0,0.4,0.2,0.5,4.0,57,31,26,1.3,55.8,7.2,9.9,-1.06,0.7,653.591,0.0,39.5, PF,Milwaukee Bucks,2568600.0,15828,84.6
Jarell Martin,MEM,42,3,13.3,3.9,0.2,0.4,0.2,3.9,42,23,19,-4.1,47.7,6.9,13.3,-3.06,0.02,33.578,2.0,4.0, PF,Memphis Grizzlies,1471382.0,16519,91.2
Malik Beasley,DEN,22,1,7.5,0.8,0.5,0.3,0.0,3.8,22,12,10,15.0,53.6,8.6,7.5,-1.53,0.18,61.28,0.0,14.0, SG,Denver Nuggets,1627320.0,14770,77.1
Kris Dunn,MIN,78,7,17.1,2.1,2.4,1.0,0.5,3.8,78,30,48,-2.8,43.2,5.1,17.1,-3.05,0.06,412.255,165.0,47.0, PG,Minnesota Timberwolves,3872520.0,14809,76.5
Jonas Jerebko,BOS,78,6,15.8,3.5,0.9,0.3,0.2,3.8,78,51,27,3.2,53.7,6.9,15.8,-1.03,1.63,130.587,7.0,17.0, PF,Boston Celtics,5000000.0,18553,99.6
Tyus Jones,MIN,60,0,12.9,1.1,2.6,0.8,0.1,3.5,60,23,37,2.5,52.3,9.6,12.9,-0.23,1.4,240.93,0.0,14.0, PG,Minnesota Timberwolves,1471382.0,14809,76.5
Adreian Payne,MIN,18,0,7.5,1.8,0.4,0.4,0.4,3.5,18,5,13,0.8,50.5,8.2,7.5,-0.33,0.24,75.343,0.0,13.0, PF,Minnesota Timberwolves,2022240.0,14809,76.5
Rashad Vaughn,MIL,41,2,11.2,1.2,0.6,0.5,0.2,3.5,41,18,23,-7.6,44.9,5.2,11.2,-4.33,-0.35,52.528,2.0,7.0, SG,Milwaukee Bucks,1811040.0,15828,84.6
Tyler Zeller,BOS,51,5,10.3,2.4,0.8,0.1,0.4,3.5,51,32,19,0.2,50.8,8.5,10.3,-2.3,0.28,148.93,15.0,14.0, C,Boston Celtics,8000000.0,18553,99.6
Jared Sullinger,TOR,11,1,10.7,2.5,0.3,0.4,0.1,3.4,11,2,9,-15.8,36.6,2.7,10.7,-1.8,0.1,198.922,11.0,2.0, C,Toronto Raptors,5628000.0,19830,100.2
Henry Ellenson,DET,19,2,7.7,2.2,0.4,0.1,0.1,3.2,19,8,11,-2.0,44.4,7.6,7.7,-1.94,0.1,89.107,6.5,5.0, F,Detroit Pistons,1704120.0,15979,72.4
Fred VanVleet,TOR,37,0,7.9,1.1,0.9,0.4,0.1,2.9,37,25,12,12.1,44.3,7.8,7.9,-1.61,0.28,99.549,0.0,17.5, PG,Toronto Raptors,1312611.0,19830,100.2
Kyle Singler,OKC,32,2,12.0,1.5,0.3,0.2,0.2,2.8,32,15,17,0.8,48.6,4.6,12.0,-2.35,0.19,196.406,9.0,6.0, SF,Oklahoma City Thunder,4837500.0,18203,100.0
Mike Scott,ATL,18,0,10.8,2.1,0.9,0.2,0.2,2.5,18,7,11,-8.5,36.0,5.8,10.8,-2.66,0.06,2.705,2.0,1.0, PF,Atlanta Hawks,3333334.0,15958,85.2
James Young,BOS,29,0,7.6,0.9,0.1,0.3,0.1,2.3,29,16,13,-5.8,54.9,6.4,7.6,-2.16,0.14,4.97,0.0,12.0, SG,Boston Celtics,1825200.0,18553,99.6
Rakeem Christmas,IND,29,0,7.6,1.9,0.1,0.1,0.2,2.0,29,14,15,-10.6,52.9,4.9,7.6,-1.7,0.2,77.258,13.0,3.0, PF,Indiana Pacers,1471382.0,16697,91.9
Udonis Haslem,MIA,16,0,8.1,2.3,0.4,0.4,0.1,1.9,16,6,10,-23.8,52.4,7.3,8.1,-2.06,0.09,210.091,28.5,18.0, PF,Miami Heat,4000000.0,19643,100.2
Lamar Patterson,ATL,5,0,8.0,1.4,1.2,0.2,0.0,1.8,5,1,4,16.8,27.6,-0.4,8.0,-1.61,0.03,36.143,4.0,4.0, SG,Atlanta Hawks,246956.0,15958,85.2
Cole Aldrich,MIN,62,0,8.6,2.5,0.4,0.4,0.4,1.7,62,23,39,-0.2,54.9,7.6,8.6,0.01,1.04,119.275,22.0,9.0, C,Minnesota Timberwolves,7643979.0,14809,76.5
Nick Collison,OKC,20,0,6.4,1.6,0.6,0.1,0.1,1.7,20,10,10,-17.2,62.2,12.0,6.4,-1.06,0.17,144.787,10.0,12.0, PF,Oklahoma City Thunder,3750000.0,18203,100.0
Bruno Caboclo,TOR,9,0,4.4,1.1,0.4,0.2,0.1,1.6,9,8,1,6.2,43.8,9.4,4.4,-1.65,0.04,111.359,11.0,8.0, SF,Toronto Raptors,1589640.0,19830,100.2
Ryan Kelly,ATL,16,0,6.9,1.1,0.5,0.3,0.3,1.6,16,6,10,2.6,40.8,7.3,6.9,-0.49,0.08,10.16,17.0,10.0, PF,Atlanta Hawks,1577230.0,15958,85.2
Jordan Mickey,BOS,25,1,5.6,1.4,0.3,0.1,0.2,1.5,25,9,16,-17.1,47.3,6.0,5.6,-2.77,0.03,56.781,0.0,3.0, PF,Boston Celtics,1471382.0,18553,99.6
Alonzo Gee,DEN,13,0,6.8,1.2,0.5,0.4,0.1,0.8,13,4,9,1.4,30.6,0.8,6.8,-1.68,0.08,47.575,0.0,0.0, SF,Denver Nuggets,57672.0,14770,77.1
